"Id","Name","Designation","HullSize","OP","Hints","CivilianHint","LogisticsDesig"
"merlon","Merlon","Drone","FRIGATE","50","UNBOARDABLE","False","False"
"gargoyle","Gargoyle","Drone","FRIGATE","50","UNBOARDABLE","False","False"
"ravelin","Ravelin","Drone","FRIGATE","90","UNBOARDABLE","False","False"
"wolf","Wolf","Frigate","FRIGATE","55","","False","False"
"hound","Hound","Combat Freighter","FRIGATE","38","","False","True"
"vanguard","Vanguard","Heavy Frigate","FRIGATE","60","","False","False"
"hyperion","Hyperion","Advanced Gunship","FRIGATE","65","","False","False"
"mercury","Mercury","Shuttle","FRIGATE","27","CIVILIAN, LINER","True","True"
"hermes","Hermes","Shuttle","FRIGATE","27","CIVILIAN, FREIGHTER","True","True"
"lasher","Lasher","Frigate","FRIGATE","55","","False","False"
"omen","Omen","Frigate","FRIGATE","40","","False","False"
"tempest","Tempest","Frigate","FRIGATE","50","","False","False"
"brawler","Brawler","Gunship","FRIGATE","50","","False","False"
"vigilance","Vigilance","Frigate","FRIGATE","45","","False","False"
"dram","Dram","Tanker","FRIGATE","30","CIVILIAN, TANKER","True","True"
"afflictor","Afflictor","Phase Frigate","FRIGATE","55","","False","False"
"shade","Shade","Phase Frigate","FRIGATE","50","","False","False"
"ox","Ox","Tug","FRIGATE","5","CIVILIAN","True","True"
"monitor","Monitor","Frigate","FRIGATE","30","","False","False"
"shepherd","Shepherd","Drone Tender","FRIGATE","23","CARRIER","False","False"
"kite","Kite","Shuttle","FRIGATE","25","","False","True"
"mudskipper","Mudskipper","Civilian Transport","FRIGATE","18","CIVILIAN, LINER","True","True"
"centurion","Centurion","Heavy Frigate","FRIGATE","55","","False","False"
"scarab","Scarab","Heavy Frigate","FRIGATE","55","","False","False"
"wayfarer","Wayfarer","Combat Freighter","FRIGATE","55","","False","True"
"warden","Warden","Drone","FRIGATE","30","UNBOARDABLE","False","False"
"defender","Defender","Drone","FRIGATE","30","UNBOARDABLE","False","False"
"picket","Picket","Drone","FRIGATE","15","UNBOARDABLE","False","False"
"sentry","Sentry","Drone","FRIGATE","15","UNBOARDABLE","False","False"
"lumen","Lumen","Droneship","FRIGATE","35","UNBOARDABLE","False","False"
"glimmer","Glimmer","Droneship","FRIGATE","50","UNBOARDABLE","False","False"
"gremlin","Gremlin","Phase Frigate","FRIGATE","35","","False","False"
"skirmish_unit","","Skirmish Unit","FRIGATE","1000","UNBOARDABLE","False","False"
"hammerhead","Hammerhead","Destroyer","DESTROYER","95","","False","False"
"sunder","Sunder","Destroyer","DESTROYER","105","","False","False"
"condor","Condor","Light Carrier","DESTROYER","45","CARRIER","False","False"
"enforcer","Enforcer","Destroyer","DESTROYER","110","","False","False"
"manticore","Manticore","Destroyer","DESTROYER","90","","False","False"
"buffalo","Buffalo","Freighter","DESTROYER","28","CIVILIAN, FREIGHTER","True","True"
"gemini","Gemini","Combat Freighter","DESTROYER","85","","False","True"
"tarsus","Tarsus","Freighter","DESTROYER","40","CIVILIAN, FREIGHTER","True","True"
"valkyrie","Valkyrie","Troop Transport","DESTROYER","55","CIVILIAN, TRANSPORT","True","True"
"phantom","Phantom","Phase Transport","DESTROYER","30","CIVILIAN, TRANSPORT","True","True"
"medusa","Medusa","Destroyer","DESTROYER","100","","False","False"
"mule","Mule","Combat Freighter","DESTROYER","80","","False","True"
"phaeton","Phaeton","Tanker","DESTROYER","45","CIVILIAN, TANKER","True","True"
"nebula","Nebula","Civilian Transport","DESTROYER","40","CIVILIAN, LINER","True","True"
"harbinger","Harbinger","Phase Destroyer","DESTROYER","95","","False","False"
"bastillon","Bastillon","Drone","DESTROYER","60","UNBOARDABLE","False","False"
"berserker","Berserker","Drone","DESTROYER","60","UNBOARDABLE","False","False"
"fulgent","Fulgent","Droneship","DESTROYER","105","UNBOARDABLE","False","False"
"scintilla","Scintilla","Droneship Carrier","DESTROYER","75","UNBOARDABLE, CARRIER","False","False"
"drover","Drover","Light Carrier","DESTROYER","80","CARRIER, COMBAT","False","False"
"shrike","Shrike","Light Destroyer","DESTROYER","85","","False","False"
"overseer_unit","","Overseer Unit","DESTROYER","1000","UNBOARDABLE","False","False"
"assault_unit","","Assault Unit","DESTROYER","1000","UNBOARDABLE","False","False"
"shrouded_tendril","","Shrouded Tendril","DESTROYER","1000","UNBOARDABLE","False","False"
"falcon","Falcon","Light Cruiser","CRUISER","125","","False","False"
"eagle","Eagle","Cruiser","CRUISER","155","","False","False"
"champion","Champion","Heavy Cruiser","CRUISER","165","","False","False"
"venture","Venture","Cruiser","CRUISER","115","","False","False"
"apogee","Apogee","Cruiser","CRUISER","140","","False","False"
"dominator","Dominator","Heavy Cruiser","CRUISER","200","","False","False"
"eradicator","Eradicator","Fast Cruiser","CRUISER","150","","False","False"
"aurora","Aurora","Cruiser","CRUISER","165","","False","False"
"doom","Doom","Phase Cruiser","CRUISER","145","","False","False"
"grendel","Grendel","Phase Cruiser","CRUISER","150","","False","False"
"heron","Heron","Fast Carrier","CRUISER","100","CARRIER","False","False"
"gryphon","Gryphon","Missile Cruiser","CRUISER","140","","False","False"
"starliner","Starliner","Civilian Transport","CRUISER","60","CIVILIAN, LINER","True","True"
"mora","Mora","Carrier","CRUISER","125","CARRIER, COMBAT, NO_AUTO_ESCORT","False","False"
"colossus","Colossus","Heavy Freighter","CRUISER","55","CIVILIAN, FREIGHTER","True","True"
"colossus2","Colossus Mk.II","Modified Freighter","CRUISER","55","ALWAYS_PANIC","False","True"
"colossus3","Colossus Mk.III","Modified Freighter","CRUISER","55","CARRIER, COMBAT","False","True"
"revenant","Revenant","Phase Tender","CRUISER","45","CIVILIAN, TANKER, FREIGHTER","True","False"
"rampart","Rampart","Drone","CRUISER","120","UNBOARDABLE","False","False"
"brilliant","Brilliant","Droneship Cruiser","CRUISER","140","UNBOARDABLE","False","False"
"apex","Apex","Heavy Droneship","CRUISER","150","UNBOARDABLE","False","False"
"fury","Fury","Light Cruiser","CRUISER","130","","False","False"
"anubis","Anubis","Experimental Cruiser","CRUISER","170","","False","False"
"hive_unit","","Hive Unit","CRUISER","1000","UNBOARDABLE","False","False"
"standoff_unit","","Line Unit","CRUISER","1000","UNBOARDABLE","False","False"
"shrouded_eye","","Shrouded Eye","CRUISER","1000","COMBAT, UNBOARDABLE","False","False"
"shrouded_maelstrom","","Shrouded Maelstrom","CRUISER","1000","UNBOARDABLE","False","False"
"onslaught","Onslaught","Battleship","CAPITAL_SHIP","360","","False","False"
"astral","Astral","Carrier","CAPITAL_SHIP","270","CARRIER","False","False"
"atlas","Atlas","Superfreighter","CAPITAL_SHIP","65","CIVILIAN, FREIGHTER","True","True"
"atlas2","Atlas Mk.II","Modified Superfreighter","CAPITAL_SHIP","220","","False","True"
"conquest","Conquest","Battlecruiser","CAPITAL_SHIP","315","","False","False"
"paragon","Paragon","Battleship","CAPITAL_SHIP","370","","False","False"
"odyssey","Odyssey","Battlecruiser","CAPITAL_SHIP","280","","False","False"
"prometheus","Prometheus","Tanker","CAPITAL_SHIP","95","CIVILIAN, TANKER","True","True"
"prometheus2","Prometheus Mk.II","Modified Tanker","CAPITAL_SHIP","240","ALWAYS_PANIC","False","True"
"legion","Legion","Battlecarrier","CAPITAL_SHIP","300","CARRIER, COMBAT, NO_AUTO_ESCORT","False","False"
"guardian","Guardian","Drone Battleship","CAPITAL_SHIP","450","UNBOARDABLE","False","False"
"radiant","Radiant","Drone Battleship","CAPITAL_SHIP","320","UNBOARDABLE","False","False"
"ziggurat","Ziggurat","Phase Vessel","CAPITAL_SHIP","260","","False","False"
"invictus","Invictus","Dreadnought","CAPITAL_SHIP","240","NEVER_DODGE_MISSILES","False","False"
"pegasus","Pegasus","Battleship","CAPITAL_SHIP","365","","False","False"
"retribution","Retribution","Battlecruiser","CAPITAL_SHIP","300","","False","False"
"nova","Nova","Drone Battlecruiser","CAPITAL_SHIP","280","UNBOARDABLE","False","False"
"fabricator_unit","","Fabricator Unit","CAPITAL_SHIP","1000","UNBOARDABLE","False","False"
"shrouded_maw","","Shrouded Maw","CAPITAL_SHIP","1000","COMBAT, UNBOARDABLE","False","False"
"shuttlepod","Shuttle Pod","Pod","FRIGATE","0","","False","False"
