"Id","Name","Designation","HullSize","OP","Hints"
"merlon","Merlon","Drone","FRIGATE","50","UNBOARDABLE"
"gargoyle","Gargoyle","Drone","FRIGATE","50","UNBOARDABLE"
"ravelin","Ravelin","Drone","FRIGATE","90","UNBOARDABLE"
"wolf","Wolf","Frigate","FRIGATE","55",""
"hound","Hound","Combat Freighter","FRIGATE","38",""
"vanguard","Vanguard","Heavy Frigate","FRIGATE","60",""
"hyperion","Hyperion","Advanced Gunship","FRIGATE","65",""
"mercury","Mercury","Shuttle","FRIGATE","27","CIVILIAN, LINER"
"hermes","Hermes","Shuttle","FRIGATE","27","CIVILIAN, FREIGHTER"
"lasher","Lasher","Frigate","FRIGATE","55",""
"omen","Omen","Frigate","FRIGATE","40",""
"tempest","Tempest","Frigate","FRIGATE","50",""
"brawler","Brawler","Gunship","FRIGATE","50",""
"vigilance","Vigilance","Frigate","FRIGATE","45",""
"dram","Dram","Tanker","FRIGATE","30","CIVILIAN, TANKER"
"afflictor","Afflictor","Phase Frigate","FRIGATE","55",""
"shade","Shade","Phase Frigate","FRIGATE","50",""
"ox","Ox","Tug","FRIGATE","5","CIVILIAN"
"monitor","Monitor","Frigate","FRIGATE","30",""
"shepherd","Shepherd","Drone Tender","FRIGATE","23","CARRIER"
"kite","Kite","Shuttle","FRIGATE","25",""
"mudskipper","Mudskipper","Civilian Transport","FRIGATE","18","CIVILIAN, LINER"
"centurion","Centurion","Heavy Frigate","FRIGATE","55",""
"scarab","Scarab","Heavy Frigate","FRIGATE","55",""
"wayfarer","Wayfarer","Combat Freighter","FRIGATE","55",""
"warden","Warden","Drone","FRIGATE","30","UNBOARDABLE"
"defender","Defender","Drone","FRIGATE","30","UNBOARDABLE"
"picket","Picket","Drone","FRIGATE","15","UNBOARDABLE"
"sentry","Sentry","Drone","FRIGATE","15","UNBOARDABLE"
"lumen","Lumen","Droneship","FRIGATE","35","UNBOARDABLE"
"glimmer","Glimmer","Droneship","FRIGATE","50","UNBOARDABLE"
"gremlin","Gremlin","Phase Frigate","FRIGATE","35",""
"shard_left","","Sinistral Shard","FRIGATE","50","UNBOARDABLE, HIDE_IN_CODEX"
"shard_right","","Dextral Shard","FRIGATE","50","UNBOARDABLE, HIDE_IN_CODEX"
"skirmish_unit","","Skirmish Unit","FRIGATE","1000","UNBOARDABLE"
"hammerhead","Hammerhead","Destroyer","DESTROYER","95",""
"sunder","Sunder","Destroyer","DESTROYER","105",""
"condor","Condor","Light Carrier","DESTROYER","45","CARRIER"
"enforcer","Enforcer","Destroyer","DESTROYER","110",""
"manticore","Manticore","Destroyer","DESTROYER","90",""
"buffalo","Buffalo","Freighter","DESTROYER","28","CIVILIAN, FREIGHTER"
"gemini","Gemini","Combat Freighter","DESTROYER","85",""
"tarsus","Tarsus","Freighter","DESTROYER","40","CIVILIAN, FREIGHTER"
"valkyrie","Valkyrie","Troop Transport","DESTROYER","55","CIVILIAN, TRANSPORT"
"phantom","Phantom","Phase Transport","DESTROYER","30","CIVILIAN, TRANSPORT"
"medusa","Medusa","Destroyer","DESTROYER","100",""
"mule","Mule","Combat Freighter","DESTROYER","80",""
"phaeton","Phaeton","Tanker","DESTROYER","45","CIVILIAN, TANKER"
"nebula","Nebula","Civilian Transport","DESTROYER","40","CIVILIAN, LINER"
"harbinger","Harbinger","Phase Destroyer","DESTROYER","95",""
"bastillon","Bastillon","Drone","DESTROYER","60","UNBOARDABLE"
"berserker","Berserker","Drone","DESTROYER","60","UNBOARDABLE"
"fulgent","Fulgent","Droneship","DESTROYER","105","UNBOARDABLE"
"scintilla","Scintilla","Droneship Carrier","DESTROYER","75","UNBOARDABLE, CARRIER"
"drover","Drover","Light Carrier","DESTROYER","80","CARRIER, COMBAT"
"shrike","Shrike","Light Destroyer","DESTROYER","85",""
"facet","","Facet","DESTROYER","140","UNBOARDABLE, HIDE_IN_CODEX"
"overseer_unit","","Overseer Unit","DESTROYER","1000","UNBOARDABLE"
"assault_unit","","Assault Unit","DESTROYER","1000","UNBOARDABLE"
"shrouded_tendril","","Shrouded Tendril","DESTROYER","1000","UNBOARDABLE"
"falcon","Falcon","Light Cruiser","CRUISER","125",""
"eagle","Eagle","Cruiser","CRUISER","155",""
"champion","Champion","Heavy Cruiser","CRUISER","165",""
"venture","Venture","Cruiser","CRUISER","115",""
"apogee","Apogee","Cruiser","CRUISER","140",""
"dominator","Dominator","Heavy Cruiser","CRUISER","200",""
"eradicator","Eradicator","Fast Cruiser","CRUISER","150",""
"aurora","Aurora","Cruiser","CRUISER","165",""
"doom","Doom","Phase Cruiser","CRUISER","145",""
"grendel","Grendel","Phase Cruiser","CRUISER","150",""
"heron","Heron","Fast Carrier","CRUISER","100","CARRIER"
"gryphon","Gryphon","Missile Cruiser","CRUISER","140",""
"starliner","Starliner","Civilian Transport","CRUISER","60","CIVILIAN, LINER"
"mora","Mora","Carrier","CRUISER","125","CARRIER, COMBAT, NO_AUTO_ESCORT"
"colossus","Colossus","Heavy Freighter","CRUISER","55","CIVILIAN, FREIGHTER"
"colossus2","Colossus Mk.II","Modified Freighter","CRUISER","55","ALWAYS_PANIC"
"colossus3","Colossus Mk.III","Modified Freighter","CRUISER","55","CARRIER, COMBAT"
"revenant","Revenant","Phase Tender","CRUISER","45","CIVILIAN, TANKER, FREIGHTER"
"rampart","Rampart","Drone","CRUISER","120","UNBOARDABLE"
"brilliant","Brilliant","Droneship Cruiser","CRUISER","140","UNBOARDABLE"
"apex","Apex","Heavy Droneship","CRUISER","150","UNBOARDABLE"
"fury","Fury","Light Cruiser","CRUISER","130",""
"anubis","Anubis","Experimental Cruiser","CRUISER","170",""
"tesseract","","Tesseract","CRUISER","180","UNBOARDABLE, HIDE_IN_CODEX"
"hive_unit","","Hive Unit","CRUISER","1000","UNBOARDABLE"
"standoff_unit","","Line Unit","CRUISER","1000","UNBOARDABLE"
"shrouded_eye","","Shrouded Eye","CRUISER","1000","COMBAT, UNBOARDABLE"
"shrouded_maelstrom","","Shrouded Maelstrom","CRUISER","1000","UNBOARDABLE"
"onslaught","Onslaught","Battleship","CAPITAL_SHIP","360",""
"onslaught_mk1","Onslaught Mk.I","Battleship","CAPITAL_SHIP","300","SHIP_WITH_MODULES"
"astral","Astral","Carrier","CAPITAL_SHIP","270","CARRIER"
"atlas","Atlas","Superfreighter","CAPITAL_SHIP","65","CIVILIAN, FREIGHTER"
"atlas2","Atlas Mk.II","Modified Superfreighter","CAPITAL_SHIP","220",""
"conquest","Conquest","Battlecruiser","CAPITAL_SHIP","315",""
"paragon","Paragon","Battleship","CAPITAL_SHIP","370",""
"odyssey","Odyssey","Battlecruiser","CAPITAL_SHIP","280",""
"prometheus","Prometheus","Tanker","CAPITAL_SHIP","95","CIVILIAN, TANKER"
"prometheus2","Prometheus Mk.II","Modified Tanker","CAPITAL_SHIP","240","ALWAYS_PANIC"
"legion","Legion","Battlecarrier","CAPITAL_SHIP","300","CARRIER, COMBAT, NO_AUTO_ESCORT"
"guardian","Guardian","Drone Battleship","CAPITAL_SHIP","450","UNBOARDABLE"
"radiant","Radiant","Drone Battleship","CAPITAL_SHIP","320","UNBOARDABLE"
"ziggurat","Ziggurat","Phase Vessel","CAPITAL_SHIP","260",""
"invictus","Invictus","Dreadnought","CAPITAL_SHIP","240","NEVER_DODGE_MISSILES"
"pegasus","Pegasus","Battleship","CAPITAL_SHIP","365",""
"retribution","Retribution","Battlecruiser","CAPITAL_SHIP","300",""
"nova","Nova","Drone Battlecruiser","CAPITAL_SHIP","280","UNBOARDABLE"
"fabricator_unit","","Fabricator Unit","CAPITAL_SHIP","1000","UNBOARDABLE"
"shrouded_maw","","Shrouded Maw","CAPITAL_SHIP","1000","COMBAT, UNBOARDABLE"
"shuttlepod","Shuttle Pod","Pod","FRIGATE","0",""
"station_small","Moduleship Test","Small Orbital Station","CAPITAL_SHIP","0","SHIP_WITH_MODULES, HIDE_IN_CODEX"
"station1","Orbital Station","Orbital Station","CAPITAL_SHIP","0","STATION, UNBOARDABLE"
"station1_midline","Orbital Station","Orbital Station","CAPITAL_SHIP","0","STATION, UNBOARDABLE"
"station1_hightech","Orbital Station","Orbital Station","CAPITAL_SHIP","0","STATION, UNBOARDABLE"
"station2","Battlestation","Battlestation","CAPITAL_SHIP","0","STATION, UNBOARDABLE"
"station2_midline","Battlestation","Battlestation","CAPITAL_SHIP","0","STATION, UNBOARDABLE"
"station2_hightech","Battlestation","Battlestation","CAPITAL_SHIP","0","STATION, UNBOARDABLE"
"station3","Star Fortress","Star Fortress","CAPITAL_SHIP","0","STATION, UNBOARDABLE"
"station3_midline","Star Fortress","Star Fortress","CAPITAL_SHIP","0","STATION, UNBOARDABLE"
"station3_hightech","Star Fortress","Star Fortress","CAPITAL_SHIP","0","STATION, UNBOARDABLE"
"module_bastion_pd1","","PD Bastion 1","FRIGATE","44","UNBOARDABLE, HIDE_IN_CODEX, MODULE"
"module_armour1","","Station Armour","FRIGATE","0","UNBOARDABLE, HIDE_IN_CODEX, MODULE"
"module_armour2","","Station Armour","FRIGATE","0","UNBOARDABLE, HIDE_IN_CODEX, MODULE"
"module_blocker1","","Station Structural Spur","FRIGATE","0","UNBOARDABLE, HIDE_IN_CODEX, MODULE"
"module_blocker2","","Station Structural Spur","FRIGATE","0","UNBOARDABLE, HIDE_IN_CODEX, MODULE"
"module_blocker2b","","Station Structural Spur","FRIGATE","0","UNBOARDABLE, HIDE_IN_CODEX, MODULE"
"module_blocker2c","","Station Structural Spur","FRIGATE","0","UNBOARDABLE, HIDE_IN_CODEX, MODULE"
"module_armour3","","Station Structural Spur","FRIGATE","0","UNBOARDABLE, HIDE_IN_CODEX, MODULE"
"module_armour4","","Station Structural Spur","FRIGATE","0","UNBOARDABLE, HIDE_IN_CODEX, MODULE"
"module_armour5","","Station Structural Spur","FRIGATE","0","UNBOARDABLE, HIDE_IN_CODEX, MODULE"
"module_decor_midline1","","Station Extension","CAPITAL_SHIP","0","UNBOARDABLE, HIDE_IN_CODEX, MODULE"
"module_decor_midline2","","Station Extension","FRIGATE","0","UNBOARDABLE, HIDE_IN_CODEX, MODULE"
"platform1","","Weapons Platform","FRIGATE","100","UNBOARDABLE, HIDE_IN_CODEX, MODULE"
"module_large1_lowtech","","Heavy Combat Module","FRIGATE","1000","UNBOARDABLE, HIDE_IN_CODEX, MODULE"
"module_large2_lowtech","","Heavy Support Module","FRIGATE","1000","UNBOARDABLE, HIDE_IN_CODEX, MODULE"
"module_bastion1_lowtech","","PD Bastion","FRIGATE","1000","UNBOARDABLE, HIDE_IN_CODEX, MODULE"
"module_citadel1_lowtech","","Heavy Citadel","FRIGATE","1000","UNBOARDABLE, HIDE_IN_CODEX, MODULE"
"module_midline_broadside","","Heavy Broadside Module","FRIGATE","1000","UNBOARDABLE, HIDE_IN_CODEX, MODULE"
"module_midline_citadel","","Heavy Station Battery","FRIGATE","1000","UNBOARDABLE, HIDE_IN_CODEX, MODULE"
"module_midline_support","","Heavy Support Module","FRIGATE","1000","UNBOARDABLE, HIDE_IN_CODEX, MODULE"
"module_midline_bastion","","Light Support Module","FRIGATE","1000","UNBOARDABLE, HIDE_IN_CODEX, MODULE"
"module_hightech_shield","","Shield Module","FRIGATE","0","UNBOARDABLE, HIDE_IN_CODEX, MODULE"
"module_hightech_citadel","","Heavy Citadel","FRIGATE","1000","UNBOARDABLE, HIDE_IN_CODEX, MODULE"
"module_hightech_hangar","","Hangar Module","FRIGATE","1000","UNBOARDABLE, HIDE_IN_CODEX, MODULE"
"module_hightech_armour","","Station Armour","FRIGATE","0","UNBOARDABLE, HIDE_IN_CODEX, MODULE"
"module_hightech_strut","","Station Extension","FRIGATE","0","UNBOARDABLE, HIDE_IN_CODEX, UNDER_PARENT, MODULE"
"module_hightech_attack","","Station Battery","FRIGATE","1000","UNBOARDABLE, HIDE_IN_CODEX, MODULE"
"derelict_mothership_pod_s_right","","Gun Pod, Small","FRIGATE","14","UNBOARDABLE, HIDE_IN_CODEX, MODULE"
"derelict_mothership_pod_m_right","","Gun Pod, Medium","FRIGATE","22","UNBOARDABLE, HIDE_IN_CODEX, MODULE"
"derelict_mothership_pod_m_left","","Gun Pod, Medium","FRIGATE","26","UNBOARDABLE, HIDE_IN_CODEX, MODULE"
"derelict_mothership_pod_engine_left","","Gun Pod, Rear","FRIGATE","28","UNBOARDABLE, HIDE_IN_CODEX, MODULE"
"derelict_mothership_bow_module","","Bow Shield Module","FRIGATE","16","UNBOARDABLE, HIDE_IN_CODEX, MODULE"
"derelict_mothership_sensor_mast","","Bow Sensor Mast","FRIGATE","32","UNBOARDABLE, HIDE_IN_CODEX, MODULE"
"remnant_station1","","Remnant Station","CAPITAL_SHIP","0","STATION, UNBOARDABLE, HIDE_IN_CODEX"
"remnant_station2","","Remnant Nexus","CAPITAL_SHIP","0","STATION, UNBOARDABLE"
"remnant_armour1","","Remnant Station Armour","FRIGATE","0","UNBOARDABLE, HIDE_IN_CODEX, MODULE"
"remnant_armour2","","Remnant Station Armour","FRIGATE","0","UNBOARDABLE, HIDE_IN_CODEX, MODULE"
"remnant_armour3","","Remnant Station Armour","FRIGATE","0","UNBOARDABLE, HIDE_IN_CODEX, MODULE"
"remnant_weapon_platform1","","Remnant Weapon Platform","FRIGATE","1000","UNBOARDABLE, HIDE_IN_CODEX, MODULE"
"remnant_weapon_platform2","","Remnant Weapon Platform","FRIGATE","1000","UNBOARDABLE, HIDE_IN_CODEX, MODULE"
"remnant_weapon_platform3","","Remnant Weapon Platform","FRIGATE","1000","UNBOARDABLE, HIDE_IN_CODEX, MODULE"
"remnant_shield1","","Remnant Station Citadel","FRIGATE","1000","UNBOARDABLE, HIDE_IN_CODEX, MODULE"
"remnant_shield2","","Remnant Station Citadel","FRIGATE","1000","UNBOARDABLE, HIDE_IN_CODEX, MODULE"
"remnant_hangar1","","Remnant Station Hangar","FRIGATE","1000","UNBOARDABLE, HIDE_IN_CODEX, MODULE"
"module_onslaught_armor_left","","Vambrace Module","FRIGATE","0","UNBOARDABLE, HIDE_IN_CODEX, MODULE"
"module_onslaught_armor_right","","Vambrace Module","FRIGATE","0","UNBOARDABLE, HIDE_IN_CODEX, MODULE"
